scenario	peak_infected_share	peak_time	final_death_share
baseline	0.25933333333333336	45	0.01
quarantine	0.28733333333333333	43	0.009333333333333334
